rid,alegacao,classe,factcheck_rating,factcheck_url,date_iso,dataset_name
34908,Eleições com urna eletrônica não são limpas,falso,Falso,https://www.estadao.com.br/estadao-verifica/video-com-afirmacao-falsa-de-que-nao-e-possivel-identificar-urnas-durante-auditoria-volta-a-circular/,2021-07-08,fakes
29066,França aprova a lei da pedofilia,falso,falso,https://www.aosfatos.org/noticias/franca-nao-aprovou-lei-permitindo-que-criancas-consintam-em-fazer-sexo-com-adultos/,2018-08-25,fakes
34837,"Sabatina de UOL, Folha e SBT com o ex-ministro Ciro Gomes (PDT), pré-candidato à Presidência da República",falso,Insustentável,https://noticias.uol.com.br/confere/ultimas-noticias/2018/05/21/uol-confere-ciro-gomes.htm,2018-05-21,fakes
9206,Vacina provoca surto de poliomielite no Sudão,verdadeiro,Verdadeiro,https://lupa.uol.com.br/jornalismo/2020/09/11/verificamos-polio-sudao-vacina/,,MuMiN-PT_raw
33134,Lula diz que não vai enganar o povo mais uma vez,enganoso,Sem Contexto,https://checamos.afp.com/doc.afp.com.322K838,2022-04-05,fakes
38884,Juíz nos EUA ordenou que Pfizer publique arquivos de sua vacina anticovid que estavam sob sigilo,enganoso,Enganoso,https://checamos.afp.com/doc.afp.com.32AC2Q9,2022-01-24,fakes
42223,"Ou porque a inadimplência atingiu 66,6 milhões de brasileiros.",falso,falso,https://www.aosfatos.org/noticias/checamos-ciro-gomes-roda-viva/,2022-08-15,fakes
29178,O Ceará tem a melhor educação pública do Brasil,verdadeiro,Verdadeiro,https://noticias.uol.com.br/confere/ultimas-noticias/2022/08/29/ciro-erra-ao-falar-de-educacao-e-acerta-sobre-fome-e-inadimplencia.htm,2019-11-27,fakes
48172,Nunca se falou de contagem manual em discussão sobre voto impresso,verdadeiro,Verdadeiro,https://noticias.uol.com.br/confere/ultimas-noticias/2022/06/27/contagem-manual-de-voto-impresso-foi-discutida-e-barrada-na-camara.htm,2022-06-25,true
25105,“Ministro do STF [Celso de Mello] vai se aposentar por invalidez 2 semanas antes de completar 75 anos e ser aposentado compulsoriamente. Aposentadoria por invalidez não paga Imposto de Renda”,falso,Falso,https://lupa.uol.com.br/jornalismo/2020/10/14/verificamos-mello-aposentadoria-invalidez,2020-10-14,fakes
38979,Mírian Macedo foi companheira de cela de Dilma Rousseff e disse que a ex-presidente não foi torturada na ditadura,falso,Falso,https://checamos.afp.com/mirian-macedo-nao-foi-companheira-de-cela-de-dilma-e-nao-negou-tortura-da-ex-presidente,2020-12-29,fakes
47515,Tem até irmão de traficante que foi candidato pelo PHS no seu grupo [de Eduardo Paes],verdadeiro,Verdadeiro,https://lupa.uol.com.br/jornalismo/2018/10/25/debate-witzel-paes-globo,2018-10-26,true
27100,A Funai participa em laudos para dizer se existe vestígio de índio no terreno,verdadeiro,Verdadeiro,https://lupa.uol.com.br/jornalismo/2018/12/20/bolsonaro-indios,2018-12-20,fakes
32083,"Argentina, Cuba e Venezuela não tem auxílio emergencial",falso,falso,https://www.aosfatos.org/noticias/e-falso-que-argentina-venezuela-e-cuba-nao-deram-auxilio-financeiro-na-pandemia/,2020-09-11,fakes
28687,"A grande parte da responsabilidade do preço alto do combustível é o ICMS, que está, em média, 30% no Brasil",verdadeiro,Verdadeiro,https://lupa.uol.com.br/jornalismo/2019/05/03/bolsonaro-combustiveis-indigena,2019-05-03,fakes
24984,"“[Ricardo Nunes] Não responde a nenhum processo judicial, não há nenhuma denúncia que ele responda no Judiciário”",verdadeiro,Verdadeiro,https://lupa.uol.com.br/jornalismo/2020/11/11/prefeitura-sp-debate-folha-uol,2020-11-11,fakes
39132,Jair Bolsonaro disse em vídeo que se alistaria para o exército de Hitler,falso,Falso,https://noticias.uol.com.br/confere/ultimas-noticias/2022/02/11/e-falso-que-bolsonaro-disse-que-se-alistaria-ao-exercito-nazista.htm,2022-02-04,fakes
47644,"""A maioria das pessoas que morreram (sic) de Covid-19 em Belo Horizonte são negras""",verdadeiro,Verdadeiro,https://lupa.uol.com.br/jornalismo/2020/10/28/belo-horizonte-aurea-carolina-renda-familias/,2020-10-28,true
35173,"Massacre de Suzano gerou bloqueio de Facebook, Instagram e WhatsApp",falso,Falso,https://noticias.uol.com.br/confere/ultimas-noticias/2019/03/15/massacre-de-suzano-nao-gerou-bloqueio-de-facebook-instagram-e-whatsapp.htm,2019-03-13,fakes
36389,Medicamento antiparasitário Ivermectina cura a doença do novo coronavírus?,falso,Falso,https://www.estadao.com.br/estadao-verifica/ivermectina-covid-cancer-turbocancer-falso/,2020-04-06,fakes
29076,"Uma semana após a OMS declarar que o continente africano estaria livre do vírus da Poliomielite, a organização foi forçada a admitir um novo surto de pólio no Sudão",enganoso,Exagerado,https://lupa.uol.com.br/jornalismo/2020/09/11/verificamos-polio-sudao-vacina/,2020-09-11,fakes
10559,"É falso que governo Lula importará ‘arroz de plástico’ fabricado na China Não é verdade que o governo Lula decidiu importar um arroz sintético chinês feito de plástico para suprir a demanda do mercado brasileiro após perdas na safra do Rio Grande do Sul. O vídeo compartilhado pelas peças de desinformação mostra um alimento em formato de arroz composto de farinhas de diversos cereais, e não de plástico. O Executivo federal anunciou a compra de até 1 milhão de toneladas de grãos de arroz naturais, e não sintéticos.",falso,falso,https://www.aosfatos.org/noticias/falso-lula-importara-arroz-de-plastico-china/,,LLM4BR_300
9477,Foto mostra um dos foguetes lançados da Faixa de Gaza contra Israel em 2021,enganoso,Sem contexto,https://checamos.afp.com/imagem-de-explosao-mostra-ataque-israelense-contra-gaza-em-2014-nao-israel-em-2021,,MuMiN-PT_raw
42389,RT-PCR pode destruir glândula pineal e infectar o cérebro,falso,falso,https://www.aosfatos.org/noticias/nao-e-verdade-que-testes-de-covid-19-podem-atingir-o-cerebro/,2022-06-03,fakes
43140,Estados recebem R$ 19 mil por cada morte de Covid-19,falso,falso,https://www.aosfatos.org/noticias/nao-e-verdade-que-estados-recebem-r-19-mil-por-cada-morte-de-covid-19/,2021-03-31,fakes
44028,"Em 2017 e em 2018 foram exportados, para todo o mundo, milhões de kits de exames médicos para combater o COVID-19, que só surgiria em 2019.",falso,falso,https://www.aosfatos.org/noticias/e-falso-que-base-de-dados-mostra-que-kits-de-testes-para-covid-19-eram-comprados-desde-2017/,2020-09-09,fakes
44143,Urnas estão estão programadas de acordo com o horário de verão.,falso,falso,https://www.aosfatos.org/noticias/e-falso-que-urnas-estao-programadas-para-horario-de-verao/,2018-10-28,fakes
43433,Rodrigo Maia e seus comparsas aprovam o aborto até 22 semanas no Brasil,falso,falso,https://www.aosfatos.org/noticias/e-falso-que-camara-liberou-aborto-ate-22-semanas-durante-pandemia/,2020-07-10,fakes
38873,Gleisi Hoffmann fala de ataque a Lula com ovos e vídeo mostra ônibus de caravana sendo atingido,enganoso,Distorcido,https://noticias.uol.com.br/confere/ultimas-noticias/2022/05/18/video-de-onibus-atacado-com-ovos-nao-e-atual-nem-veiculo-transportava-lula.htm,2022-05-12,fakes
42377,Vídeo mostra manifestação contrária a Lula no Rio Grande do Sul,enganoso,não_é_bem_assim,https://www.aosfatos.org/noticias/video-de-protesto-contra-lula-divulgado-como-atual-e-de-2018/,2022-06-09,fakes
9778,"Devido à pandemia do Covid-19, (...) o Projeto de Lei 3833/20, permitindo que o eleitor maior de 60 anos falte às eleições 2020 sem sofrer nenhuma punição",falso,Falso,https://checamos.afp.com/e-falso-que-eleitor-com-mais-de-60-anos-nao-e-obrigado-votar-nas-eleicoes-municipais-de-2020,,MuMiN-PT_raw
35235,Urnas eletrônicas não são auditáveis,falso,falso,https://www.aosfatos.org/noticias/falso-eleicoes-brasil-nao-sao-auditaveis-nem-permitem-recontagem/,,fakes
34794,Segunda dose da CoronaVac está relacionada à taxa de eficácia da vacina,falso,Falso,https://noticias.uol.com.br/comprova/ultimas-noticias/2021/02/04/segunda-dose-da-coronavac-nao-esta-relacionada-a-taxa-de-eficacia-da-vacina.htm,,fakes
34323,Coronavírus não chegou a Pequim e a Xangai,falso,Falso,https://noticias.uol.com.br/comprova/ultimas-noticias/2020/04/04/como-verificamos-e-falso-que-xangai-e-pequim-nao-tiveram-casos-de-covid-19.htm,,fakes
47922,Ele [Eduardo Paes] deu um soco na cara de uma pessoa,verdadeiro,Verdadeiro,https://lupa.uol.com.br/jornalismo/2018/10/25/debate-witzel-paes-globo,2018-10-26,true
28803,Observações do dr. Drauzio Varela,enganoso,Enganoso,https://www.estadao.com.br/estadao-verifica/drauzio-varella-defende-drogas-criancas-adolescentes/,2019-04-15,fakes
39249,Hidroxicloroquina usada há mais de 60 anos não pode. Não tem comprovação científica. Mas vacina nova da China pode. É segura.,enganoso,Enganoso,https://checamos.afp.com/hidroxicloroquina-nao-foi-regulamentada-para-tratar-covid-19-no-brasil-vacina-segue-em-fase-de,2020-07-09,fakes
38688,Este vídeo prova que Vera Magalhães planejou enfurecer Jair Bolsonaro em debate presidencial,enganoso,Sem contexto,https://checamos.afp.com/doc.afp.com.32HE9GJ,2022-08-29,fakes
27588,"Hoje o Brasil tem um presidente que não é antiamericano, caso inédito nas últimas décadas",verdadeiro,Verdadeiro,https://lupa.uol.com.br/jornalismo/2019/03/20/bolsonaro-trump-encontro/,2019-03-20,fakes
26466,"“Todas as contas bancárias bloqueadas! Viva o socialismo. Muito triste! Não souberam votar, votaram na esquerda maldita (...)”",falso,Falso,https://lupa.uol.com.br/jornalismo/2021/06/09/verificamos-argentina-bloqueou-contas-bancarias,2021-06-09,fakes
10132,Flordelis vota pela manutenção da prisão de Daniel Silveira.,falso,falso,https://www.aosfatos.org/noticias/e-falso-que-flordelis-votou-pela-prisao-de-daniel-silveira-deputada-faltou-sessao/,,MuMiN-PT_raw
25093,"O câncer de próstata, tipo mais comum [de câncer] entre os homens, (...)",verdadeiro,Verdadeiro,https://lupa.uol.com.br/jornalismo/2019/11/15/novembro-azul-cancer/,2019-11-15,fakes
43378,Doria diz que brasileiros são improdutivos e fracassados,falso,falso,https://www.aosfatos.org/noticias/doria-nao-chamou-brasileiros-de-improdutivos-e-fracassados-video-e-antigo-e-foi-editado/,2020-10-27,fakes
44392,Células de bebês abortados são utilizadas na produção de vacina chinesa,falso,falso,https://www.aosfatos.org/noticias/e-falso-que-coronavac-usa-celulas-de-bebes-abortados/,2020-07-28,fakes
47669,"Em maio de 2014, [houve uma] decisão do ministro [do STF] Teori Zavascki que colocou em liberdade todos os presos [da Lava Jato]. O próprio Teori, depois, voltou atrás",enganoso,Contraditorio,https://lupa.uol.com.br/jornalismo/2018/11/07/ministro-sergio-moro,2018-11-07,true
27037,60 mil mulheres foram estupradas no Brasil,verdadeiro,Verdadeiro,https://eleicoes.apublica.org/2018/2018/08/mais-de-60-mil-estupros-ocorreram-em-2017-infelizmente-dr-rosinha-esta-certo/,2018-09-20,fakes
10278,"Bolsonaro, quando ele disse suspeitar que ONGs estariam envolvidas nos incêndios na Amazônia. Índios prenderam incendiários em flagrante",falso,Falso,https://noticias.uol.com.br/comprova/ultimas-noticias/2020/09/11/amazonia-post-usa-foto-antiga-de-madeireiros-para-acusar-ongs-de-incendios.htm,,MuMiN-PT_raw
44623,Suíça teve aumento de mortes por Covid-19 após suspender hidroxicloroquina,falso,falso,https://www.aosfatos.org/noticias/e-falso-que-suica-teve-aumento-de-mortes-por-covid-19-apos-suspender-hidroxicloroquina/,2021-05-06,fakes
10472,Filha de Lula vai ganhar R$ 37 mil em cargo no Senado,enganoso,Distorcido,https://noticias.uol.com.br/confere/ultimas-noticias/2023/06/02/filha-de-lula-e-assessora-desde-2019-no-senado-mas-nao-recebe-r58-mil.htm,,MuMiN-PT_raw
33144,Globo repassa para a Unesco apenas 10% do que arrecada no Criança Esperança,falso,falso,https://www.aosfatos.org/noticias/e-falso-que-globo-repassa-unesco-so-10-do-que-arrecada-com-crianca-esperanca/,2019-04-26,fakes
40292,O TSE decidiu não utilizar a biometria nesta eleição para não usar o dedo por causa da pandemia.,enganoso,Enganoso,https://checamos.afp.com/exclusao-da-biometria-nas-eleicoes-municipais-se-deu-tambem-para-evitar-aglomeracoes,2020-07-20,fakes
47479,Homens negros têm mais chance de desenvolver câncer de próstata,verdadeiro,Verdadeiro,https://lupa.uol.com.br/jornalismo/2019/11/15/novembro-azul-cancer/,2019-11-15,true
42656,"General dos Estados Unidos David Petraeus, chefe da OTAN - O Brasil tem um exército de merda e um povo que é uma sub-raça. Nós deveríamos ter tomado aquela terra riquíssima há muito tempo.",falso,falso,https://www.aosfatos.org/noticias/americano-que-chefiou-missao-da-otan-nao-xingou-o-exercito-brasileiro/,2019-12-18,fakes
34920,Israel doa ao Brasil 10 máquinas que produzem água potável - esse será o nosso sertão,enganoso,Enganoso,https://noticias.uol.com.br/comprova/ultimas-noticias/2021/06/14/posts-inflam-impacto-de-doacao-de-maquina-israelense-para-exaltar-bolsonaro.htm,2021-05-25,fakes
33274,Vacinas causam 600 casos de doenças oculares e deixam cinco pessoas cegas no Reino Unido,enganoso,distorcido,https://www.aosfatos.org/noticias/posts-tiram-dados-de-contexto-ao-vincular-vacinas-doencas-oculares-no-reino-unido/,2021-03-08,fakes
32734,Rainha Elizabeth II está tomando ivermectina contra a covid-19,falso,Falso,https://noticias.uol.com.br/confere/ultimas-noticias/2022/02/21/e-falso-que-tv-noticiou-uso-de-ivermectina-pela-rainha-elizabeth-2.htm,2022-02-22,fakes
9804,A eficácia da ivermectina contra a covid-19 foi provada cientificamente,enganoso,Enganoso,https://www.estadao.com.br/estadao-verifica/ivermectina-aprovada-fda-covid-enganoso/,,MuMiN-PT_raw
44391,Ciro Gomes prometeu separar o Ceará do Brasil caso Bolsonaro seja reeleito,falso,falso,https://www.aosfatos.org/noticias/ciro-gomes-nao-prometeu-separar-o-ceara-do-brasil-caso-bolsonaro-seja-reeleito/,2021-09-20,fakes
25416,Meu trato com Rodrigo Maia sempre foi um trato totalmente cordial,verdadeiro,Verdadeiro,https://lupa.uol.com.br/jornalismo/2020/01/21/sergio-moro-roda-viva,2020-01-21,fakes
29437,"Tedros Adhanom Ghebreyesus, o atual diretor da Organização Mundial da Saúde (OMS) foi preso pela Interpol e está preso por crimes contra a humanidade e genocídio.",falso,falso,https://www.aosfatos.org/noticias/e-falso-que-diretor-geral-da-oms-foi-preso-pela-interpol/,,fakes
48046,"Em resposta ao vírus, para tentar combater a doença, a gente produz anticorpos e também uma resposta celular. Com a vacina (...), em vez de ser infectada pelo vírus, a gente tem uma vacina que joga para dentro algumas coisas que parecem com o vírus. A CoronaVac, que é a vacina do Butatan, tem exatamente o vírus da Covid-19, o SARS-Cov-2. Só que ele foi inativado, ele foi morto por calor e produtos químicos. Aí eu jogo para dentro do organismo [por meio da vacina] um vírus que está inativado, que não é capaz de causar a doença, e o organismo vai produzir anticorpo e resposta celular.",verdadeiro,Verdadeiro,https://piaui.folha.uol.com.br/lupa/2020/12/18/verificamos-video-medico-vacinas/,2020-12-18,true
40190,Este vídeo mostra a dor sentida por um feto durante um aborto,falso,Falso,https://checamos.afp.com/nao-o-video-e-uma-ficcao-produzida-por-grupos-antiaborto,2019-04-30,fakes
40031,O metrô de Estocolmo tem um acesso gratuito para quem não pode pagar a passagem.,falso,Falso,https://checamos.afp.com/nao-ha-forma-de-embarcar-no-metro-de-estocolmo-sem-ser-pagando-passagem,2020-01-27,fakes
43897,Enfermeira vacinada por Doria já tinha tomado vacina em estudo e esqueceu de apagar rastros.,falso,falso,https://www.aosfatos.org/noticias/enfermeira-que-foi-primeira-vacinada-no-brasil-tomou-placebo-durante-testes-da-coronavac/,2021-01-18,fakes
10028,Novo aviso de privacidade do WhatsApp é golpe para clonar número de telefone,falso,falso,https://www.aosfatos.org/noticias/e-falso-que-aviso-de-privacidade-do-whatsapp-clona-numero-do-telefone/,,MuMiN-PT_raw
43058,Membros do Judiciário e do Legislativo não são obrigados a se vacinar,enganoso,Enganoso,https://checamos.afp.com/doc.afp.com.9XB48Y,2022-01-19,fakes
43633,"Em 2014, quando a Dilma deixou o governo, o desemprego estava 4,7%.",falso,falso,https://www.aosfatos.org/noticias/checamos-lula-entrevista-podcast-podpah/,2021-12-03,fakes
28590,"(...) Ano a ano, [o Brasil bate] recorde em número de homicídios, como veio ocorrendo desde o Estatuto do Desarmamento",verdadeiro,Verdadeiro,https://lupa.uol.com.br/jornalismo/2019/01/17/moro-estatuto-armas-decreto,2019-01-17,fakes
34809,"Foram presos a caminho de Fortaleza para realizarem saques nos supermercados, mas foram interceptados pelo batalhão da PM a tempo de evitar o vandalismo. Lula ordenou os acéfalos que para levar o caos ao país e colocar culpa em Bolsonaro. E os Fdp com camisa amarela",falso,Falso,https://noticias.uol.com.br/confere/ultimas-noticias/2022/04/07/video-mostra-abordagem-a-torcedores-nao-saqueadores-de-supermercados.htm,2022-04-05,fakes
39980,"Em ato de 27 de abril de 2022, Bolsonaro citou uma possível ""suspensão"" das eleições",enganoso,Enganoso,https://checamos.afp.com/doc.afp.com.32969CZ,2022-04-28,fakes
34125,É falso que Carosella venderá 'empadinha' em Santos após fechar restaurante,falso,Falso,https://noticias.uol.com.br/confere/ultimas-noticias/2022/08/19/e-falso-que-carossella-vendera-empadinha-em-santos-apos-fechar-restaurante.htm,2022-08-02,fakes
32170,Bolsonaro distribuiu R$ 3 bilhões para comprar votos de parlamentares para aprovação da reforma da Previdência.,enganoso,Enganoso,https://noticias.uol.com.br/comprova/ultimas-noticias/2019/08/22/um-terco-do-que-governo-quer-remanejar-sao-cortes-da-educacao.htm,2019-08-23,fakes
25967,“O que mais me espantou foi dizer que mais de 50% do povo do Maranhão é atendido em Teresina”,verdadeiro,Verdadeiro,https://lupa.uol.com.br/jornalismo/2020/11/14/teresina-dr-pessoa-hospital-de-urgencia,2020-11-14,fakes
43019,"Bolsonaro: Se autoproclamar presidente é fácil, quero ver governar. Boa noite a todos! Juan Guaidó: Un jefe de estado no ejerce la democracia por el twitter.",falso,falso,https://www.aosfatos.org/noticias/e-uma-montagem-interacao-de-Guaido-com-Bolsonaro-no-Twitter/,2019-03-11,fakes
28374,“40 escolas do município nem avaliadas são [no Ideb]”,enganoso,"Verdadeiro, mas",https://lupa.uol.com.br/jornalismo/2020/11/04/boa-vista-linoberg-escolas-municipais/,2020-11-04,fakes
25255,Ele [Paes] diz que morreu mais gente aqui [de Covid-19] do que São Paulo. Eu não sei se ele é mentiroso se não sabe fazer conta,enganoso,Exagerado,https://lupa.uol.com.br/jornalismo/2020/11/20/debate-band-segundo-turno-2020-rj,2020-11-20,fakes
10109,Área queimada no Brasil em 2020 é a menor já registrada,falso,falso,https://www.aosfatos.org/noticias/e-falso-que-2020-registra-menor-area-queimada-no-brasil-dos-ultimos-18-anos/,,MuMiN-PT_raw
42302,"Em vídeo, Lula diz que só Bolsonaro ganha dele no Brasil",enganoso,Enganoso,https://www.estadao.com.br/estadao-verifica/lula-conta-como-comprou-todos-eleicao-2022/,2022-07-15,fakes
43151,Urnas eletrônicas são conectadas à internet no momento da totalização dos votos,enganoso,distorcido,https://www.aosfatos.org/noticias/nao-e-verdade-que-urnas-eletronicas-do-tse-podem-ser-invadidas-pela-internet/,2021-07-23,fakes
38782,"Na Argentina, imóvel foi ocupado pelo movimento sem teto urbano",enganoso,Enganoso,https://checamos.afp.com/doc.afp.com.32E42H9,2022-07-06,fakes
32377,Paulo Guedes anunciou o fim do auxílio-reclusão,falso,falso,https://www.aosfatos.org/noticias/e-falso-que-paulo-guedes-anunciou-o-fim-do-auxilio-reclusao/,2019-01-08,fakes
9366,“Vou derrubar os Estados Unidos financiando grupos de ódio negro. Vamos colocá-los em uma armadilha mental e fazê-los culpar os brancos. A comunidade negra é a mais fácil de manipular.” — George Soros (entrevista com o BILD da Alemanha — setembro de 2014)”,falso,Falso,https://piaui.folha.uol.com.br/lupa/2020/06/02/verificamos-soros-financiaria-grupos-odio-negro/,,MuMiN-PT_raw
48072,"Essa imagem é de um filme novo da Disney para crianças, vamos ficar ligados. Se for possível enviar para mais grupo para alertar as famílias",falso,falso,https://www.aosfatos.org/noticias/e-falso-que-novo-filme-da-disney-mostra-branca-de-neve-e-anna-se-beijando/,2019-05-15,true
25558,"(...) É o caso, por exemplo, de São Paulo (12%) e de Minas Gerais (14%)",verdadeiro,Verdadeiro,https://lupa.uol.com.br/jornalismo/2019/07/18/propostas-justificativa-alerj-rj,2019-07-18,fakes
49789,O jornalista Glenn Greenwald advogou para um líder neonazista,verdadeiro,Verdadeiro,https://checamos.afp.com/o-jornalista-e-advogado-americano-glenn-greenwald-defendeu-liberdade-de-expressao-de-um-lider,2019-06-12,true
42246,"A apuração tem que ser pública. Se é numa sala-cofre [a apuração das eleições], não é pública",falso,Falso,https://noticias.uol.com.br/confere/ultimas-noticias/2022/09/02/o-que-e-a-sala-cofre-do-tse-e-para-que-ela-serve.htm,2022-08-08,fakes
27282,"“No meu programa, nós estamos discutindo uma ideia que é fazer uma integração do sistema de câmeras de monitoramento da cidade com o sistema privado”",verdadeiro,Verdadeiro,https://lupa.uol.com.br/jornalismo/2020/11/06/vitoria-joao-coser-programa-governo,2020-11-06,fakes
48300,Brasil saiu do 'Mapa da Fome' com Lula da Silva e Dilma Rousseff na presidência,falso,falso,https://www.aosfatos.org/noticias/lula-2024-desinformou-fome-educacao/,2022-06-12,true
24506,[Foi no meu governo que] A gente criou (...) a lei contra a lavagem de dinheiro,verdadeiro,Verdadeiro,https://lupa.uol.com.br/jornalismo/2022/08/25/jn-lula-orgao,2022-08-25,fakes
25069,"O serviço Nacional de Cadastro e a Força Tarefa, em cooperação com a Polícia Federal, confiscaram três fazendas do líder do MST, João Pedro Stedile",falso,Falso,https://lupa.uol.com.br/jornalismo/2019/08/13/verificamos-pf-fazendas-mst,2019-08-13,fakes
28601,"Montanhas de euros e reais na casa de Cristina Kirchner. A operação vazou, mas a polícia chegou antes que queimassem tudo",falso,Falso,https://checamos.afp.com/nao-video-nao-mostra-dinheiro-apreendido-na-casa-da-ex-presidente-da-argentina-cristina-kirchner,2019-04-03,fakes
33592,Pesquisa mostra Bolsonaro a frente de Lula em todos os estados do Brasil,enganoso,Enganoso,https://www.estadao.com.br/estadao-verifica/bolsonaro-55-lula-35-fraude-eleitoral-enganoso/,2018-08-23,fakes
42205,JBS Friboi abriu contas na Suíça com R$ 300 milhões para Lula e Dilma,enganoso,Enganoso,https://www.estadao.com.br/estadao-verifica/lula-dilma-contas-suica-jbs-enganoso/,2022-08-18,fakes
10324,"O coquetel para o tratamento do coronavírus: 1) hidroxicloroquina 200mg duas vezes por dia por 5 dias (...) Eficácia: 99,9%",falso,Falso,https://lupa.uol.com.br/jornalismo/2020/07/31/verificamos-coquetel-hidroxicloroquina/,,MuMiN-PT_raw
34464,Brasil corre risco de ser atingido por um tsunami,falso,Insustentável,https://noticias.uol.com.br/confere/ultimas-noticias/2017/08/22/brasil-corre-risco-de-ser-atingido-por-um-tsunami.htm,2017-08-13,fakes
47887,Seu plano estratégico [da intervenção] foi divulgado três meses depois [do início dela],verdadeiro,Verdadeiro,https://lupa.uol.com.br/jornalismo/2018/08/21/seguranca-rj-debate-igarape,2018-08-21,true
24761,[No Ceará] Temos a melhor educação pública do Brasil,verdadeiro,Verdadeiro,https://noticias.uol.com.br/confere/ultimas-noticias/2022/08/29/ciro-erra-ao-falar-de-educacao-e-acerta-sobre-fome-e-inadimplencia.htm,2022-05-31,fakes
9714,Celso de Mello sse aposentou por invalidez 2 semanas antes de completar 75 anos para não pagar imposto de renda.,falso,falso,https://www.aosfatos.org/noticias/e-falso-que-celso-de-mello-se-aposentou-por-invalidez-para-nao-pagar-imposto-saida-foi-voluntaria/,,MuMiN-PT_raw
25589,"Quem quer dar aula faz isso por gosto, e não pelo salário. Se quer ganhar melhor, pede demissão e vai para o ensino privado. Geraldo Alckmin (imagem)",falso,Falso,https://noticias.uol.com.br/comprova/ultimas-noticias/2018/08/09/professor-deve-trabalhar-por-amor-nao-ha-registro-de-alckmin-falando-isso.htm,2018-09-03,fakes
9852,Vídeo prova que a primeira voluntária brasileira a testar a vacina chinesa contra a COVID-19 não recebeu de verdade a dose,enganoso,Enganoso,https://checamos.afp.com/video-nao-mostra-farsa-da-vacina-chinesa-contra-covid-19-mas-simulacao-para-registro-de-imagens,,MuMiN-PT_raw
43787,"Olha o tamanho do aviãozinho israelense que está na Amazônia em apoio na Força Tarefa as incêndios, você viu algum comentário a respeito nessa merda de emissora agora com uma nova razão social denominada Globolixo, claro que não né?!.... e nem vai ver!",falso,falso,https://www.aosfatos.org/noticias/nao-e-verdade-que-israel-enviou-aviao-para-combater-incendios-na-amazonia/,2019-09-17,fakes
44196,"Mandetta fez, na surdina, um contrato milionário com China Media Group sem aval do Presidente!",falso,falso,https://www.aosfatos.org/noticias/acordo-com-china-media-group-nao-foi-firmado-por-mandetta-mas-por-osmar-terra/,2020-04-07,fakes
38711,Funcionária do TSE relata a vulnerabilidade do sistema eleitoral brasileiro,enganoso,Enganoso,https://checamos.afp.com/doc.afp.com.32GR23X,2022-08-06,fakes
10167,Vídeo dizia que brigadistas estavam causando incêndios no Pantanal,enganoso,Enganoso,https://checamos.afp.com/video-nao-mostra-brigadistas-causando-incendio-no-pantanal-mas-tecnica-de-combate-chamas,,MuMiN-PT_raw
43301,AGORA É LEI. Aprovada a Lei de Defesa de Patrimônio.,enganoso,distorcido,https://www.aosfatos.org/noticias/brasil-nao-aprovou-lei-que-autoriza-tiros-em-invasores-video-de-garcia-foi-editado/,2019-05-06,fakes
39786,Nasa alertou que um asteroide traria perigo real para a humanidade em 6 de maio de 2022,enganoso,Enganoso,https://checamos.afp.com/doc.afp.com.329L2KB,2022-04-29,fakes
47364,O TSE tem dois ministros novos,falso,Falso,https://noticias.uol.com.br/confere/ultimas-noticias/2022/10/07/moraes-nao-passou-cargo-no-tse-toffoli-assume-como-ministro-substituto.htm,2017-06-06,true
34918,"Dobramos o número de pessoas pobres e miseráveis de 15 milhões para 30 milhões, são os brasileiros que vivem em situação de pobreza ou de extrema pobreza",falso,Falso,https://noticias.uol.com.br/confere/ultimas-noticias/2022/04/28/checagem-doria-sabatina-uol-folha.htm,2022-04-28,fakes
34016,Jornal francês Le Monde publica charge sobre o tribunal brasileiro,enganoso,Sem contexto,https://checamos.afp.com/doc.afp.com.34EQ748,2021-02-28,fakes
44117,Saída do Maracanã. Não viste na Globo? Nem verás.,enganoso,distorcido,https://www.aosfatos.org/noticias/video-de-bolsonaro-sendo-ovacionado-e-de-2018-e-nao-foi-gravado-no-maracana/,2019-07-11,fakes
25040,Mais de 700 municípios [brasileiros] tiveram um médico pela primeira vez na história [com o Programa Mais Médicos],verdadeiro,Verdadeiro,https://lupa.uol.com.br/jornalismo/2018/11/14/cuba-mais-medicos-erros-acertos,2018-11-14,fakes
39812,Estas fotos mostram fazendas do líder do Movimento dos Trabalhadores Rurais Sem Terra (MST) que foram confiscadas pela Polícia Federal no Paraguai,falso,Falso,https://checamos.afp.com/fazendas-existem-mas-nao-pertencem-ao-lider-do-mst-e-apenas-uma-esta-no-paraguai,2019-08-08,fakes
26935,Mas não se vê nenhuma iniciativa do presidente em cercear o trabalho da imprensa,verdadeiro,Verdadeiro,https://lupa.uol.com.br/jornalismo/2020/01/21/sergio-moro-roda-viva,2020-01-21,fakes
49800,Jair Bolsonaro declarou que a chegada de Hugo Chávez ao poder na Venezuela era esperança para AL,verdadeiro,Verdadeiro,https://checamos.afp.com/sim-jair-bolsonaro-declarou-que-chegada-de-hugo-chavez-ao-poder-na-venezuela-era-esperanca-para,,true
34942,"Foto de avião lotado seria de retirada de moradores de Cabul, capital do Afeganistão",falso,Falso,https://noticias.uol.com.br/confere/ultimas-noticias/2021/08/17/foto-feita-nas-filipinas-e-confundida-com-imagem-de-aviao-no-afeganistao.htm,2021-08-15,fakes
39591,Polícia francesa protesta contra as vacinas e as medidas contra a covid-19,enganoso,Enganoso,https://checamos.afp.com/doc.afp.com.9PJ38D,2021-12-14,fakes
10434,O presidente Jair Bolsonaro declarou que ninguém pode obrigar ninguém a tomar a vacina,falso,Falso,https://noticias.uol.com.br/comprova/ultimas-noticias/2020/09/03/diferente-do-que-disse-bolsonaro-assinou-lei-que-preve-vacina-obrigatoria.htm,,MuMiN-PT_raw
9889,Estabilidade das porcentagens de votos durante apuração em São Paulo é indício de fraude eleitoral.,falso,falso,https://www.aosfatos.org/noticias/estabilidade-dos-resultados-parciais-em-sao-paulo-nao-indica-que-houve-fraude-eleitoral/,,MuMiN-PT_raw
9999,É uma decisão de muita reflexão e dificuldade. Nunca na história de um mandato houve tantos pedidos de impeachment. Não tenho nenhuma felicidade no ato que estou praticando.,verdadeiro,verdadeiro,https://www.aosfatos.org/noticias/nunca-houve-tantos-pedidos-de-impeachment-na-histo/,,MuMiN-PT_raw
30849,Vinte e três pessoas já passaram pelo Hospital das Clínicas com um mesmo sintoma: falta de atividade renal e o aparecimento de tumores no reto. Todos os internados relataram o começo das dores e a conseqüente internação após ingerirem altas doses de Skol.,falso,falso,https://www.aosfatos.org/noticias/e-falso-que-23-pessoas-foram-internadas-apos-beber-cerveja-skol/,,fakes
25439,Em 2016 estávamos em crise: (...) Desemprego 6%,falso,falso,https://www.aosfatos.org/noticias/post-infla-dados-de-2016-ao-dizer-que-economia-estava-melhor-que-em-2019/,2019-11-25,fakes
40277,Zelensky atira com duas armas no Parlamento da Ucrânia,enganoso,Sem contexto,https://checamos.afp.com/doc.afp.com.326B2M8,2022-02-25,fakes
47906,O filho do Pastor Everaldo era o subsecretário de saúde do Pezão até muito pouco tempo atrás,verdadeiro,Verdadeiro,https://lupa.uol.com.br/jornalismo/2018/10/25/debate-witzel-paes-globo,2018-10-26,true
47485,Existem 300 médicos cubanos atuando nas aldeias indígenas,verdadeiro,Verdadeiro,https://lupa.uol.com.br/jornalismo/2018/11/14/cuba-mais-medicos-erros-acertos,2018-11-14,true
34838,Aluna foi expulsa de sala por apoiar Bolsonaro,falso,Falso,https://noticias.uol.com.br/comprova/ultimas-noticias/2018/08/07/aluna-foi-expulsa-de-aula-por-usar-celular-e-nao-por-apoiar-bolsonaro.htm,,fakes
32347,Obra com cena de pedofilia fazia parte da exposição Queermuseu,falso,falso,https://www.aosfatos.org/noticias/quadro-com-cena-de-abuso-sexual-infantil-nao-foi-exibido-no-santander-cultural/,2020-09-25,fakes
34331,"Sabatina UOL, ""Folha"" e SBT",verdadeiro,Verdadeiro,https://lupa.uol.com.br/jornalismo/2018/05/08/alvaro-dias-sabatina-folha,2018-05-24,fakes
39352,Ninguém pode ser preso nos dias próximos a uma eleição,enganoso,não_é_bem_assim,https://www.aosfatos.org/noticias/falso-ninguem-pode-ser-preso-cinco-dias-antes-das-eleicoes/,2020-11-13,fakes
39214,Santa Etelvina do Guaíba inaugurou um parque infantil inspirado na ideologia de gênero,falso,falso,https://www.aosfatos.org/noticias/e-falso-que-cidade-gaucha-inaugurou-parque-inspirado-na-ideologia-de-genero/,2021-12-01,fakes
43838,Dom Pedro 2º tentou ao parlamento a abolição da escravatura desde 1848.,falso,falso,https://www.aosfatos.org/noticias/corrente-de-whatsapp-mistura-fato-e-ficcao-para-exaltar-familia-real-brasileira/,2019-11-14,fakes
43498,No Brasil quem paga mais imposto proporcionalmente à sua renda é o pobre.,verdadeiro,verdadeiro,https://www.aosfatos.org/noticias/o-que-e-fato-na-entrevista-de-fernando-haddad-no-jornal-nacional/,2018-10-08,fakes
35161,Não tem explicação a gasolina brasileira estar equiparada ao preço internacional,falso,Falso,https://noticias.uol.com.br/confere/ultimas-noticias/2021/07/21/confere-checagem-entrevista-lula-radio-aracaju-20-de-julho.htm,2021-07-21,fakes
25535,"É A MÍDIA NÃO DIVULGOU QUE FOI O EXERCÍTO QUE TRABALHOU NA OBRA DA TRANSPOSIÇÃO DO RIO, TUDO QUE BOLSONARO FAZ ELES TENTAM ESCONDER , MAS NÃO ADIANTA A INTERNET É O MAIOR MEIO DE COMUNICAÇÃO DO MUNDO",falso,Falso,https://checamos.afp.com/foto-de-militares-trabalhando-em-obra-de-transposicao-do-rio-sao-francisco-foi-tirada-no-governo,2020-07-01,fakes
27991,[O desmatamento] (...) se estabilizou entre 2004 e 2012,verdadeiro,Verdadeiro,https://lupa.uol.com.br/jornalismo/2019/07/05/meio-ambiente-salles-globonews,2019-07-05,fakes
39355,Revista Veja fez uma capa que dizia que o ministro Sergio Moro enganou milhões de brasileiros,falso,Falso,https://checamos.afp.com/trata-se-de-uma-montagem-na-capa-original-veja-intitulou-brasilia-e-cheia-de-intrigas,2019-10-05,fakes
27845,[...] tecnologia mRNA de vacina que eu criei,enganoso,Enganoso,https://www.estadao.com.br/estadao-verifica/vacinas-de-mrna-nao-sao-terapia-genetica-nem-permitem-que-proteina-spike-fique-no-corpo/,2021-12-17,fakes
30435,"Srs. Passageiros, a Lufthansa agradece pela preferência e solicita a todos que passem pelo balcão da cia a fim de receberem cuecas limpas para a próxima etapa deste vôo.",falso,Falso,https://checamos.afp.com/video-de-aviao-da-lufthansa-foi-criado-usando-programa-de-simulacao-de-voo,,fakes
24451,"A gasolina, na maioria dos postos dos Brasil, já está abaixo de R$ 5",enganoso,Enganoso,https://www.estadao.com.br/estadao-verifica/gasolina-etanol-mais-baratos-bolsonaro-enganoso/,,fakes
10570,Posts usam foto de ação federal para mentir que doações estão sendo reembaladas com selo do governo Posts nas redes têm compartilhado uma foto que mostra cestas básicas sendo descarregadas de um caminhão para sugerir que as doações enviadas às vítimas das enchentes estariam sendo etiquetadas para simular entregas do governo federal. Os alimentos mostrados na imagem de fato foram adquiridos e distribuídos pelo Executivo.,falso,falso,https://www.aosfatos.org/noticias/posts-foto-acao-federal-doacoes-reembaladas-selo-governo/,,LLM4BR_300
26074,"#GloboLixo no telão do 'Encontro', da TV Globo",enganoso,distorcido,https://www.aosfatos.org/noticias/hashtags-criticas-globo-encontro-fatima-bernardes/,2021-12-02,fakes
27237,"Esse nome [Centrão] surgiu lá atrás, quando o senhor Geraldo Alckmin juntou vários partidos para apoiá-lo por ocasião das eleições [presidenciais]",verdadeiro,Verdadeiro,https://lupa.uol.com.br/jornalismo/2019/05/27/bolsonaro-centrao-record,2019-05-27,fakes
34415,"Entrevista ao programa ""Roda Viva"", da TV Cultura",verdadeiro,Verdadeiro,https://lupa.uol.com.br/jornalismo/2024/08/27/no-roda-viva-boulos-exagera-sobre-feiras-e-condenacao-de-marcal,2018-05-28,fakes
42899,"Hoje, o que acontece é que um servidor público que ganha R$ 5 mil paga imposto de renda de 27,5%. Um grande empresário que recebe R$ 300 mil a título de distribuição de lucros e dividendos não paga nada.",verdadeiro,verdadeiro,https://www.aosfatos.org/noticias/impostos-sobre-dividendos-e-briga-no-pt-pelo-ajust/,2015-09-17,fakes
44090,Diretor geral da OMS recua e diz que “lockdown” pode causar danos irreparáveis na Economia.,falso,falso,https://www.aosfatos.org/noticias/nao-e-verdade-que-diretor-da-oms-recuou-de-recomendacao-de-isolamento-social/,2020-04-01,fakes
10110,Vacinação de Kamala Harris contra a Covid-19 foi encenada.,falso,falso,https://www.aosfatos.org/noticias/e-falso-que-vacinacao-de-kamala-harris-contra-covid-19-foi-encenada/,,MuMiN-PT_raw
50684,"Em causa estão os testes de detecção da Covid-19, no contexto do regr......",falso,Falso,https://noticias.uol.com.br/comprova/ultimas-noticias/2020/09/07/e-falso-que-testes-sao-manipulados-e-pandemia-da-covid-19-e-uma-farsa.htm,,MuMiN-PT
29135,Vocês podem olhar que a única candidatura que se coloca antibolsonarista é a nossa candidatura. Outras candidaturas estão dizendo que esse não é um debate para ser feito agora,falso,Insustentável,https://noticias.uol.com.br/confere/ultimas-noticias/2020/10/28/em-sabatina-renata-souza-erra-comparacoes-com-outras-candidaturas.htm,2020-10-28,fakes
43908,"Vídeo mostra gasolina atualmente vendida a menos de R$ 0,01 na Venezuela",enganoso,distorcido,https://www.aosfatos.org/noticias/e-de-2018-video-que-mostra-gasolina-vendida-a-menos-de-r-001-na-venezuela/,2021-09-17,fakes
38845,"Em reportagem de 2008, Globo admitiu a possibilidade de fraude nas urnas",falso,falso,https://www.aosfatos.org/noticias/e-falso-que-globo-admitiu-em-reportagem-que-urnas-eletronicas-podem-ser-fraudadas/,2022-05-15,fakes
26111,"Pasmem, mas essa moça é filha da deputada Maria do Rosário",falso,falso,https://www.aosfatos.org/noticias/mulher-que-defende-traficantes-em-video-nao-e-filha-de-maria-do-rosario/,2019-02-25,fakes
29168,"Em relação à denúncia do sindicato [dos Jornalistas do Paraná, sobre plágio de reportagens], ela foi anulada na Justiça",verdadeiro,Verdadeiro,https://lupa.uol.com.br/jornalismo/2019/10/23/joice-plagios-direitos-autorais,2019-10-23,fakes
47637,Os advogados de Dilma pediram ampliação de prazo,verdadeiro,Verdadeiro,https://lupa.uol.com.br/jornalismo/2017/06/06/verdades-e-mentiras-sobre-o-julgamento-de-dilma-e-temer-no-tse,2017-06-06,true
32665,O Conselho Mundial de Saúde pede o fim imediato das vacinas experimentais,falso,Falso,https://noticias.uol.com.br/confere/ultimas-noticias/2022/01/07/medicos-antivacina-usam-conselho-mundial-de-saude-para-desinformar.htm,2022-02-10,fakes
40200,Protesto de caminhoneiros e produtores rurais na Alemanha contra medidas sanitárias para conter a covid-19,falso,Falso,https://checamos.afp.com/doc.afp.com.9ZT6H6,2022-01-28,fakes
30584,Extrato mostra que Bolsonaro recebe aposentadoria de R$ 68 mil,falso,Falso,https://noticias.uol.com.br/confere/ultimas-noticias/2022/02/02/e-falso-que-bolsonaro-receba-r-68-mil-de-aposentadoria.htm,,fakes
33411,FHC propôs aliança entre MST e PSDB,falso,Falso,https://noticias.uol.com.br/confere/ultimas-noticias/2019/05/23/fhc-e-mst-nao-farao-alianca-contra-bolsonaro.htm,2019-05-10,fakes
47466,Temos [no Brasil] uma área maior do que a região Sudeste demarcada como terra indígena,verdadeiro,Verdadeiro,https://lupa.uol.com.br/jornalismo/2018/12/20/bolsonaro-indios,2018-12-20,true
10489,Imagem mostra assalto a banco em Criciúma,enganoso,distorcido,https://www.aosfatos.org/noticias/fotos-antigas-circulam-em-posts-como-se-fossem-de-assalto-em-criciuma/,,MuMiN-PT_raw
24766,"Chega de matança! O que aconteceu, hoje, novamente, foi o assassinato de pretos, pobres e favelados. Não se tratam de policiais e sim de CRIMINOSOS. O BOPE e a CORE precisam ser extintos. Precisamos de uma política de segurança, onde a polícia não possa mais entrar nas comunidades e aja com inteligência, realizando, somente, prisões sem necessidade de disparos",falso,falso,https://www.aosfatos.org/noticias/marcelo-freixo-tweet-extincao-bope-core/,2022-05-25,fakes
34673,"Grupo ""Mulheres Unidas Contra Bolsonaro"" mudou de nome para ter seguidoras no Facebook",falso,Falso,https://noticias.uol.com.br/comprova/ultimas-noticias/2018/09/14/grupo-feminino-antibolsonaro-nao-mudou-nome-para-ter-seguidoras-no-facebook.htm,,fakes
24512,[Foi no meu governo que] Colocamos o Cade para combater os cartéis,verdadeiro,Verdadeiro,https://lupa.uol.com.br/jornalismo/2022/08/25/jn-lula-orgao,2022-08-25,fakes
47383,No segundo turno ganhamos a eleição aqui na Capital com quase 1 milhão de votos de diferença,enganoso,Enganoso,https://www.estadao.com.br/estadao-verifica/bolsonaro-55-lula-35-fraude-eleitoral-enganoso/,2020-10-02,true
26707,[A reserva ianomâmi] Tem aproximadamente 9 mil índios,verdadeiro,Verdadeiro,https://lupa.uol.com.br/jornalismo/2019/05/03/bolsonaro-combustiveis-indigena,2019-05-03,fakes
24477,O Ceará tem hoje a melhor educação pública do Brasil,verdadeiro,Verdadeiro,https://noticias.uol.com.br/confere/ultimas-noticias/2022/08/29/ciro-erra-ao-falar-de-educacao-e-acerta-sobre-fome-e-inadimplencia.htm,2022-08-28,fakes
32975,"Cruz Vermelha Americana: Pessoas vacinadas não podem doar sangue, porque a vacina destrói completamente seus anticorpos naturais",falso,Falso,https://checamos.afp.com/pessoas-que-se-vacinaram-contra-covid-19-podem-sim-doar-sangue-para-cruz-vermelha-dos-eua,2021-05-25,fakes
28526,Por que essa mulher [Manuela D’Ávila] ligou 18 vezes para Adélio [Bispo] no dia do esfaqueamento de Bolsonaro?,falso,Falso,https://checamos.afp.com/nao-foram-identificadas-ligacoes-entre-manuela-davila-e-adelio-no-dia-da-facada-contra-bolsonaro,2019-02-04,fakes
39300,Esta rua decorada para o Natal fica no Brasil.,enganoso,Enganoso,https://checamos.afp.com/nem-barra-mansa-nem-cuiaba-nem-rio-de-janeiro-avenida-da-foto-com-decoracao-natalina-fica-em,2019-12-16,fakes
43459,"Avisem a todos para se cadastrarem no SUS, porque a partir de janeiro a verba federal para a saúde será APENAS pelo número de cadastrados e não pelo total da população! Atualmente, só 36% das pessoas estão cadastradas; precisamos garantir mais verbas para o SUS! Para a emissão do cartão basta se dirigir até a Secretaria Municipal de Saúde de seu Município ou em uma unidade de saúde mais próxima de sua residência, portando os seguintes documentos pessoais: RG, CPF, certidão de nascimento ou casamento e número de PIS/PASEP.",falso,falso,https://www.aosfatos.org/noticias/e-falso-que-usuario-precisa-se-cadastrar-no-sus-para-evitar-corte-em-posto-de-saude/,2019-11-27,fakes
49787,"Revista francesa publicou foto de Greta Thunberg sob a manchete ""Os charlatães da ecologia""",verdadeiro,Verdadeiro,https://checamos.afp.com/capa-intitulada-os-charlataes-da-ecologia-sim-foi-publicada-pela-revista-francesa-de-direita-valeurs,2019-12-11,true
31910,Lula recebeu papel com cola durante entrevista no Jornal Nacional,falso,Falso,https://noticias.uol.com.br/confere/ultimas-noticias/2022/08/29/e-falso-que-lula-recebeu-cola-durante-entrevista-no-jn.htm,2022-08-30,fakes
27117,"Eleitores do Bolsonaro, se Flavio Bolsonaro cair, quem assume a vaga é Lindbergh Farias",falso,Falso,https://noticias.uol.com.br/confere/ultimas-noticias/2019/03/04/se-flavio-bolsonaro-cair-nao-e-lindbergh-farias-quem-assume-vaga-no-senado.htm,2019-01-25,fakes
42966,Tia da Marielle Franco denúncia. Jogou a merda no ventilador.,falso,falso,https://www.aosfatos.org/noticias/mulher-que-fez-video-com-acusacoes-falsas-sobre-o-caso-marielle-nao-e-tia-da-vereadora/,2019-11-05,fakes
39198,Este caixão vazio foi desenterrado no Amazonas em meio à pandemia de coronavírus,falso,falso,https://www.aosfatos.org/noticias/foto-que-mostra-caixao-vazio-desenterrado-e-de-2017-e-foi-tirada-em-sao-paulo-nao-no-amazonas/,2020-05-02,fakes
39536,Esta foto mostra o músico Louis Armstrong quando criança,falso,Falso,https://checamos.afp.com/doc.afp.com.9LJ99Y,2021-06-11,fakes
47256,Fui ao Supremo [Tribunal Federal] com uma petição [para que Bolsonaro explique o que ocorreu com meu pai durante a ditadura militar] assinada pelos 12 ex-presidentes vivos da Ordem dos Advogados,verdadeiro,Verdadeiro,https://lupa.uol.com.br/jornalismo/2019/08/08/oab-presidente-bolsonaro,2019-08-08,true
27179,"Centenas de pessoas estão sendo enviadas para acampamentos covid-19 (quarentena) de trem. Esta situação está ocorrendo em uma cidade da China muito próxima (Rússia). (...) Centenas de guardas covid-19 foram enviados para o distrito de Changping, Beijing, China.",verdadeiro,Verdadeiro,https://lupa.uol.com.br/jornalismo/2021/11/12/verificamos-china-acampamentos-covid/,2021-11-12,fakes
25129,"Implantar a Casa da Mulher Maranhense nas regiões com maior índice de violência contra a mulher, assegurando os serviços de promoção, proteção e defesa de direitos, dentre os quais a Patrulha Maria da Penha",enganoso,Exagerado,https://lupa.uol.com.br/jornalismo/2022/03/16/sobreelas-flavio-dino-maranhao,2022-03-16,fakes
35184,"""Sempre disputei corridas no Brasil e nunca vi o povo tão feliz quanto no governo Bolsonaro"", disse Lewis Hamilton ao New York Times",falso,Falso,https://noticias.uol.com.br/confere/ultimas-noticias/2021/11/16/e-mentira-que-lewis-hamilton-elogiou-bolsonaro-para-o-new-york-times.htm,2021-11-14,fakes
34128,"Tivemos há pouco mais de dez anos um desastre em Petrópolis. Não teve a participação do Cemaden. Morreram centenas de pessoas. Tivemos um outro no ano passado, já com a participação do Cemaden, com sinais de alerta, e apesar de ter chovido muito mais do que há dez anos, o número de vítimas foi dez vezes menor",verdadeiro,Verdadeiro,https://noticias.uol.com.br/confere/ultimas-noticias/2022/08/18/bolsonaro-erra-ao-comparar-tragedias-de-chuvas-em-petropolis.htm,2022-08-18,fakes
26216,"Um dos primeiros atos do governo do presidente Bolsonaro, juntamente com o governo de São Paulo, foi pegar essas lideranças [do PCC] e transferir",verdadeiro,Verdadeiro,https://lupa.uol.com.br/jornalismo/2020/01/21/sergio-moro-roda-viva,2020-01-21,fakes
26251,Sabe quantos [militares do Exército] Bolsonaro enviou para combater as chamas? Nenhum!,falso,Fake,https://oglobo.globo.com/fato-ou-fake/e-fake-que-nenhum-militar-foi-enviado-para-ajudar-no-combate-ao-fogo-no-pantanal-24648488,2020-09-17,fakes
42687,"Vídeo mostra leitos de Covid-19 vazios no Hospital São Lucas, em Copacabana",falso,falso,https://www.aosfatos.org/noticias/video-que-mostra-leitos-de-covid-19-vazios-foi-gravado-em-hospital-do-rn-nao-do-rj/,2021-07-23,fakes
39025,"Em crianças e adolescentes, a incidência de miocardite após 2 doses de Pfizer é de 18,25/100.000, chegando a 37,32/100.000 entre meninos",enganoso,Enganoso,https://checamos.afp.com/doc.afp.com.9UD34L,2021-12-01,fakes
32328,Manifestação pró-Bolsonaro chegou a 1 milhão de pessoas,enganoso,Enganoso,https://www.estadao.com.br/estadao-verifica/calculo-12-milhao-pessoas-ato-anistia-erra-medidas-ocupacao-paulista-enganoso/,2021-05-03,fakes
47831,ISP mostra que a violência doméstica está disparando,verdadeiro,Verdadeiro,https://lupa.uol.com.br/jornalismo/2018/08/21/seguranca-rj-debate-igarape,2018-08-21,true
35693,"Coronavírus: afinal, já existe uma vacina desde 2001?",enganoso,Enganoso,https://www.estadao.com.br/estadao-verifica/video-alegacoes-falsas-enganosas-vacina-covid-19/,2020-05-16,fakes
34158,Performance simulando ato sexual com uma pessoa fantasiada de órgãos genitais aconteceu no pátio de escola brasileira,falso,Falso,https://noticias.uol.com.br/confere/ultimas-noticias/2022/07/19/performance-com-fantasia-de-orgaos-sexuais-nao-ocorreu-em-escola-no-brasil.htm,,fakes
34451,"Bolsonaro ""desbanca"" Lula e coloca projeto de transposição do São Francisco ""para funcionar""",enganoso,Enganoso,https://noticias.uol.com.br/comprova/ultimas-noticias/2019/12/09/posts-inflam-atuacao-do-governo-bolsonaro-em-obras-no-rio-sao-francisco.htm,2019-11-13,fakes
44270,Prefeitura de Pelotas (RS) tocou sirenes para avisar início do lockdown no município.,falso,falso,https://www.aosfatos.org/noticias/e-falso-que-prefeitura-de-pelotas-usou-sirenes-para-marcar-inicio-do-lockdown-na-cidade/,2020-08-12,fakes
43320,"A pessoa assintomática não transmite o vírus, mas comunica anticorpos para outras pessoas e gera imunidade em massa.",falso,Falso,https://checamos.afp.com/os-assintomaticos-podem-sim-transmitir-o-virus-e-nao-espalham-anticorpos-dizem-especialistas,2020-07-17,fakes
25664,"Moradores de rua da Cracolândia, continuam firmes e fortes. Que diabo de vírus é esse que só mata trabalhador?",enganoso,Enganoso,https://checamos.afp.com/imagem-de-aglomeracao-na-cracolandia-circula-desde-2017-e-nao-foi-tirada-durante-pandemia-de,2020-04-09,fakes
9823,Bombeiros comemorando chuva que começou a cair na Austrália,verdadeiro,Verdadeiro,https://checamos.afp.com/video-de-bombeiros-comemorando-chuva-na-australia-e-de-novembro-de-2019,,MuMiN-PT_raw
32971,"Sabem quem é esse senhor que abraça Lula? É o irmão do cara que tentou assassinar Bolsonaro, Adélio Bispo",falso,Falso,https://noticias.uol.com.br/confere/ultimas-noticias/2020/07/29/homem-em-foto-com-lula-nao-e-irmao-de-adelio-bispo-que-esfaqueou-bolsonaro.htm,2020-05-26,fakes
42218,"Hoje, 23 dos 27 estados brasileiros estão quebrados...",verdadeiro,verdadeiro,https://www.aosfatos.org/noticias/checamos-ciro-gomes-roda-viva/,2022-08-15,fakes
29890,INTERPOL DESCOBRE QUADRO QUE DESAPARECEU DO PALÁCIO DO PLANALTO Um quadro avaliado em mais de 7 milhões de dólares do pintor Franky Schayffyr foi encontrado pela Agencia Internacional,falso,falso,https://www.aosfatos.org/noticias/e-falso-que-quadro-de-frank-schaeffer-desapareceu-do-planalto-no-governo-lula/,,fakes
37809,"Roménia vai encerrar ""todos os centros de vacinação"" contra a Covid-19?",enganoso,Enganoso,https://checamos.afp.com/doc.afp.com.9ML6EJ,2021-09-30,fakes
26677,"Eu entendo o anti-petismo, mas não entendo o bolsonarismo. Pra mim, é tipo a pessoa gritar pro mundo que odeia coentro e temperar a comida com fezes",falso,Falso,https://checamos.afp.com/doc.afp.com.797K963,2019-10-29,fakes
26439,Milagre da multiplicação na caravana Lula Livre. O mesmo gordo aparece em 4 lugares ao mesmo tempo,falso,Falso,https://lupa.uol.com.br/jornalismo/2021/10/13/verificamos-imagem-adulterada-multidao,2021-10-13,fakes
44095,"O tópico da Previdência Social é sempre tido como algo impopular. Mas não é, hoje. Até as pesquisas mostram isso. Uma diz que 65% da população é a favor da reforma da Previdência, até com limite de idade.",verdadeiro,verdadeiro,https://www.aosfatos.org/noticias/temer-e-o-relativo-apoio-a-maldades-na-previdencia/,2016-07-12,fakes
44419,WSJ citou dados de criminalidade e exportação de carne em reportagem sobre o Brasil,enganoso,distorcido,https://www.aosfatos.org/noticias/video-atribui-informacoes-falsas-a-reportagem-do-wall-street-journal-sobre-o-brasil/,2021-08-11,fakes
